" ""class"" "," ""classCount"" ",  ,  ,
" ""http://www.w3.org/1999/02/22-rdf-syntax-ns#Property"" "," ""89"" ",  ,  ,
" ""http://www.w3.org/2002/07/owl#TransitiveProperty"" "," ""4"" ",  ,  ,
" ""http://www.w3.org/2002/07/owl#SymmetricProperty"" "," ""4"" ",  ,  ,
" ""http://www.w3.org/1999/02/22-rdf-syntax-ns#List"" "," ""1"" ",  ,  ,
" ""http://www.w3.org/2000/01/rdf-schema#Class"" "," ""3"" ",  ,  ,
" ""http://www.w3.org/2000/01/rdf-schema#Datatype"" "," ""3"" ",  ,  ,
" ""http://www.w3.org/2000/01/rdf-schema#ContainerMembershipProperty"" "," ""1"" ",  ,  ,
" ""http://schema.org/NGO"" "," ""28"" ",  ,  ,
" ""http://schema.org/SportsOrganization"" "," ""10"" ",  ,  ,
" ""http://yago-knowledge.org/resource/Human"" "," ""1778"" ",,  ,  
" ""http://schema.org/Country"" "," ""87"" ",  ,  ,
" ""http://schema.org/Organization"" "," ""150"" ",  ,  ,
" ""http://schema.org/State"" "," ""29"" ",  ,  ,
" ""http://yago-knowledge.org/resource/U.S._state"" "," ""50"" ",  ,  ,
" ""http://yago-knowledge.org/resource/Sovereign_state"" "," ""38"" ",  ,  ,
" ""http://yago-knowledge.org/resource/Twin"" "," ""3"" ",  ,  ,
" ""http://schema.org/City"" "," ""139"" ",  ,  ,
" ""http://schema.org/Corporation"" "," ""103"" ",  ,  ,
" ""http://schema.org/Place"" "," ""112"" ",  ,  ,
" ""http://schema.org/Movie"" "," ""3473"" ",,  ,  
" ""http://schema.org/Language"" "," ""35"" ",  ,  ,
" ""http://yago-knowledge.org/resource/Modern_language"" "," ""33"" ",  ,  ,
" ""http://yago-knowledge.org/resource/Natural_language"" "," ""5"" ",  ,  ,
" ""http://schema.org/SportsTeam"" "," ""23"" ",  ,  ,
" ""http://schema.org/Thing"" "," ""266"" ",  ,  ,
" ""http://yago-knowledge.org/resource/Mobile_operating_system"" "," ""13"" ",  ,  ,
" ""http://yago-knowledge.org/resource/Unix-like"" "," ""3"" ",  ,  ,
" ""http://schema.org/TVSeries"" "," ""232"" ",  ,  ,
" ""http://yago-knowledge.org/resource/Island_country"" "," ""8"" ",  ,  ,
" ""http://yago-knowledge.org/resource/Republic"" "," ""3"" ",  ,  ,
" ""http://yago-knowledge.org/resource/Business"" "," ""52"" ",  ,  ,
" ""http://schema.org/AdministrativeArea"" "," ""209"" ",  ,  ,
" ""http://yago-knowledge.org/resource/Capital_city"" "," ""16"" ",  ,  ,
" ""http://yago-knowledge.org/resource/Financial_centre"" "," ""2"" ",  ,  ,
" ""http://yago-knowledge.org/resource/Metropolis"" "," ""4"" ",  ,  ,
" ""http://yago-knowledge.org/resource/Operating_system"" "," ""59"" ",  ,  ,
" ""http://yago-knowledge.org/resource/Proprietary_software"" "," ""17"" ",  ,  ,
" ""http://schema.org/Product"" "," ""15"" ",  ,  ,
" ""http://yago-knowledge.org/resource/Empire"" "," ""2"" ",  ,  ,
" ""http://schema.org/Occupation"" "," ""27"" ",  ,  ,
" ""http://yago-knowledge.org/resource/City-state"" "," ""3"" ",  ,  ,
" ""http://schema.org/MusicGroup"" "," ""34"" ",  ,  ,
" ""http://yago-knowledge.org/resource/War"" "," ""2"" ",  ,  ,
" ""http://yago-knowledge.org/resource/Commonwealth_realm"" "," ""5"" ",  ,  ,
" ""http://yago-knowledge.org/resource/Federation"" "," ""2"" ",  ,  ,
" ""http://yago-knowledge.org/resource/Billionaire"" "," ""1"" ",  ,  ,
" ""http://yago-knowledge.org/resource/Landlocked_country"" "," ""2"" ",  ,  ,
" ""http://yago-knowledge.org/resource/Civil_war"" "," ""1"" ",  ,  ,
" ""http://yago-knowledge.org/resource/Work_of_art"" "," ""2"" ",  ,  ,
" ""http://schema.org/CreativeWork"" "," ""794"" ",  ,  ,
" ""http://yago-knowledge.org/resource/Hardcover"" "," ""1"" ",  ,  ,
" ""http://yago-knowledge.org/resource/3D_film"" "," ""112"" ",  ,  ,
" ""http://yago-knowledge.org/resource/Feature_film"" "," ""62"" ",  ,  ,
" ""http://yago-knowledge.org/resource/Cult_film"" "," ""2"" ",  ,  ,
" ""http://yago-knowledge.org/resource/Television_film"" "," ""110"" ",  ,  ,
" ""http://yago-knowledge.org/resource/Live_album"" "," ""19"" ",  ,  ,
" ""http://schema.org/TVEpisode"" "," ""464"" ",  ,  ,
" ""http://yago-knowledge.org/resource/Animated_film"" "," ""8"" ",  ,  ,
" ""http://yago-knowledge.org/resource/Anthology_film"" "," ""9"" ",  ,  ,
" ""http://yago-knowledge.org/resource/Miniseries"" "," ""28"" ",  ,  ,
" ""http://yago-knowledge.org/resource/Short_film"" "," ""51"" ",  ,  ,
" ""http://yago-knowledge.org/resource/Live-action_animated_film"" "," ""9"" ",  ,  ,
" ""http://yago-knowledge.org/resource/Rockumentary"" "," ""6"" ",  ,  ,
" ""http://yago-knowledge.org/resource/Remake"" "," ""1"" ",  ,  ,
" ""http://yago-knowledge.org/resource/Narrative_film"" "," ""5"" ",  ,  ,
" ""http://yago-knowledge.org/resource/Music_video"" "," ""1"" ",  ,  ,
" ""http://yago-knowledge.org/resource/Advertising"" "," ""1"" ",  ,  ,
" ""http://yago-knowledge.org/resource/Bunkobon"" "," ""1"" ",  ,  ,
" ""http://yago-knowledge.org/resource/Television_pilot"" "," ""3"" ",  ,  ,
" ""http://schema.org/CreativeWorkSeries"" "," ""5"" ",  ,  ,
" ""http://yago-knowledge.org/resource/Television_show"" "," ""5"" ",  ,  ,
" ""http://yago-knowledge.org/resource/Television_special"" "," ""2"" ",  ,  ,
" ""http://schema.org/MusicAlbum"" "," ""183"" ",  ,  ,
" ""http://yago-knowledge.org/resource/Anime"" "," ""3"" ",  ,  ,
" ""http://yago-knowledge.org/resource/Sports_competition"" "," ""1"" ",  ,  ,
" ""http://schema.org/EventSeries"" "," ""3"" ",  ,  ,
" ""http://yago-knowledge.org/resource/Public_company"" "," ""3"" ",  ,  ,
" ""http://yago-knowledge.org/resource/Animation_studio"" "," ""1"" ",  ,  ,
" ""http://yago-knowledge.org/resource/Order_(distinction)"" "," ""96"" ",  ,  ,
" ""http://yago-knowledge.org/resource/MTV_Movie_&_TV_Awards"" "," ""9"" ",  ,  ,
" ""http://yago-knowledge.org/resource/Award"" "," ""191"" ",  ,  ,
" ""http://schema.org/Museum"" "," ""11"" ",  ,  ,
" ""http://yago-knowledge.org/resource/Scholarship"" "," ""1"" ",  ,  ,
" ""http://yago-knowledge.org/resource/Medal"" "," ""19"" ",  ,  ,
" ""http://yago-knowledge.org/resource/ESPY_Award"" "," ""10"" ",  ,  ,
" ""http://yago-knowledge.org/resource/List_of_halls_and_walks_of_fame"" "," ""7"" ",  ,  ,
" ""http://yago-knowledge.org/resource/MTV_Video_Music_Award"" "," ""16"" ",  ,  ,
" ""http://yago-knowledge.org/resource/NAACP_Image_Awards"" "," ""4"" ",  ,  ,
" ""http://yago-knowledge.org/resource/Film_award"" "," ""15"" ",  ,  ,
" ""http://yago-knowledge.org/resource/Golden_Globe_Awards"" "," ""12"" ",  ,  ,
" ""http://yago-knowledge.org/resource/Academy_Awards"" "," ""15"" ",  ,  ,
" ""http://yago-knowledge.org/resource/Grammy_Award"" "," ""22"" ",  ,  ,
" ""http://schema.org/TouristAttraction"" "," ""6"" ",  ,  ,
" ""http://yago-knowledge.org/resource/Monument"" "," ""1"" ",  ,  ,
" ""http://yago-knowledge.org/resource/Music_award"" "," ""11"" ",  ,  ,
" ""http://yago-knowledge.org/resource/Teen_Choice_Awards"" "," ""9"" ",  ,  ,
" ""http://yago-knowledge.org/resource/Golden_Raspberry_Awards"" "," ""8"" ",  ,  ,
" ""http://yago-knowledge.org/resource/Screen_Actors_Guild_Awards"" "," ""13"" ",  ,  ,
" ""http://yago-knowledge.org/resource/British_Independent_Film_Awards"" "," ""2"" ",  ,  ,
" ""http://yago-knowledge.org/resource/Order_of_chivalry"" "," ""14"" ",  ,  ,
" ""http://yago-knowledge.org/resource/Saturn_Awards"" "," ""9"" ",  ,  ,
" ""http://yago-knowledge.org/resource/British_Academy_Film_Awards"" "," ""9"" ",  ,  ,
" ""http://yago-knowledge.org/resource/People's_Choice_Awards"" "," ""4"" ",  ,  ,
" ""http://yago-knowledge.org/resource/MTV_Europe_Music_Award"" "," ""1"" ",  ,  ,
" ""http://yago-knowledge.org/resource/Primetime_Emmy_Award"" "," ""17"" ",  ,  ,
" ""http://yago-knowledge.org/resource/Critics'_Choice_Movie_Awards"" "," ""4"" ",  ,  ,
" ""http://yago-knowledge.org/resource/AACTA_Awards"" "," ""3"" ",  ,  ,
" ""http://yago-knowledge.org/resource/Street"" "," ""2"" ",  ,  ,
" ""http://yago-knowledge.org/resource/European_Film_Awards"" "," ""2"" ",  ,  ,
" ""http://yago-knowledge.org/resource/Service_medal"" "," ""2"" ",  ,  ,
" ""http://yago-knowledge.org/resource/Awards_ceremony"" "," ""7"" ",  ,  ,
" ""http://yago-knowledge.org/resource/Nobel_Peace_Prize"" "," ""1"" ",  ,  ,
" ""http://yago-knowledge.org/resource/Environmental_award"" "," ""1"" ",  ,  ,
" ""http://yago-knowledge.org/resource/Campaign_medal"" "," ""7"" ",  ,  ,
" ""http://yago-knowledge.org/resource/Imperial_royal_and_noble_ranks"" "," ""3"" ",,  ,  
" ""http://yago-knowledge.org/resource/Military_awards_and_decorations"" "," ""5"" ",  ,  ,
" ""http://yago-knowledge.org/resource/Independent_Spirit_Awards"" "," ""1"" ",  ,  ,
" ""http://yago-knowledge.org/resource/Election"" "," ""1"" ",  ,  ,
" ""http://schema.org/Periodical"" "," ""1"" ",  ,  ,
" ""http://yago-knowledge.org/resource/César_Award"" "," ""1"" ",  ,  ,
" ""http://schema.org/Event"" "," ""10"" ",  ,  ,
" ""http://yago-knowledge.org/resource/Daytime_Emmy_Award"" "," ""1"" ",  ,  ,
" ""http://yago-knowledge.org/resource/Literary_award"" "," ""4"" ",  ,  ,
" ""http://schema.org/WebPage"" "," ""3"" ",  ,  ,
" ""http://yago-knowledge.org/resource/David_di_Donatello"" "," ""1"" ",  ,  ,
" ""http://yago-knowledge.org/resource/Prize"" "," ""1"" ",  ,  ,
" ""http://yago-knowledge.org/resource/Civil_awards_and_decorations"" "," ""1"" ",  ,  ,
" ""http://yago-knowledge.org/resource/Title_of_honor"" "," ""4"" ",  ,  ,
" ""http://yago-knowledge.org/resource/Orders_of_chivalry_for_women"" "," ""5"" ",  ,  ,
" ""http://yago-knowledge.org/resource/Memorial"" "," ""1"" ",  ,  ,
" ""http://yago-knowledge.org/resource/San_Diego_Film_Critics_Society"" "," ""2"" ",  ,  ,
" ""http://yago-knowledge.org/resource/Satellite_Awards"" "," ""2"" ",  ,  ,
" ""http://yago-knowledge.org/resource/Open-source_license"" "," ""2"" ",  ,  ,
" ""http://yago-knowledge.org/resource/Free_software_license"" "," ""1"" ",  ,  ,
" ""http://yago-knowledge.org/resource/Edition_(book)"" "," ""4"" ",  ,  ,
" ""http://yago-knowledge.org/resource/Permissive_software_license"" "," ""1"" ",  ,  ,
" ""http://schema.org/CollegeOrUniversity"" "," ""24"" ",  ,  ,
" ""http://yago-knowledge.org/resource/Academic_institution"" "," ""1"" ",  ,  ,
" ""http://yago-knowledge.org/resource/University_college"" "," ""3"" ",  ,  ,
" ""http://schema.org/School"" "," ""42"" ",  ,  ,
" ""http://yago-knowledge.org/resource/Nonprofit_organization"" "," ""19"" ",  ,  ,
" ""http://schema.org/EducationalOrganization"" "," ""57"" ",  ,  ,
" ""http://yago-knowledge.org/resource/University"" "," ""33"" ",  ,  ,
" ""http://yago-knowledge.org/resource/Colleges_of_the_University_of_Oxford"" "," ""3"" ",  ,  ,
" ""http://yago-knowledge.org/resource/College"" "," ""10"" ",  ,  ,
" ""http://yago-knowledge.org/resource/High_school_(North_America)"" "," ""44"" ",  ,  ,
" ""http://yago-knowledge.org/resource/State_school"" "," ""17"" ",  ,  ,
" ""http://yago-knowledge.org/resource/Catholic_higher_education"" "," ""1"" ",  ,  ,
" ""http://yago-knowledge.org/resource/Private_university"" "," ""10"" ",  ,  ,
" ""http://yago-knowledge.org/resource/Research_university"" "," ""10"" ",  ,  ,
" ""http://yago-knowledge.org/resource/Law_school"" "," ""7"" ",  ,  ,
" ""http://yago-knowledge.org/resource/Art_school"" "," ""8"" ",  ,  ,
" ""http://yago-knowledge.org/resource/Community_school_(England_and_Wales)"" "," ""1"" ",  ,  ,
" ""http://yago-knowledge.org/resource/Secondary_school"" "," ""5"" ",  ,  ,
" ""http://yago-knowledge.org/resource/Drama_school"" "," ""8"" ",  ,  ,
" ""http://yago-knowledge.org/resource/Conservatory_of_music"" "," ""4"" ",  ,  ,
" ""http://yago-knowledge.org/resource/Colleges_of_the_University_of_Cambridge"" "," ""2"" ",  ,  ,
" ""http://yago-knowledge.org/resource/Independent_school_(United_Kingdom)"" "," ""19"" ",  ,  ,
" ""http://yago-knowledge.org/resource/Boarding_school"" "," ""15"" ",  ,  ,
" ""http://yago-knowledge.org/resource/Film_school"" "," ""2"" ",  ,  ,
" ""http://yago-knowledge.org/resource/Land-grant_university"" "," ""4"" ",  ,  ,
" ""http://yago-knowledge.org/resource/Public_university"" "," ""6"" ",  ,  ,
" ""http://yago-knowledge.org/resource/College-preparatory_school"" "," ""5"" ",  ,  ,
" ""http://schema.org/ArchiveOrganization"" "," ""1"" ",  ,  ,
" ""http://yago-knowledge.org/resource/Liberal_arts_college"" "," ""1"" ",  ,  ,
" ""http://yago-knowledge.org/resource/Business_school"" "," ""4"" ",  ,  ,
" ""http://yago-knowledge.org/resource/Community_college"" "," ""3"" ",  ,  ,
" ""http://yago-knowledge.org/resource/Military_academy"" "," ""6"" ",  ,  ,
" ""http://yago-knowledge.org/resource/Grammar_school"" "," ""3"" ",  ,  ,
" ""http://yago-knowledge.org/resource/Educational_institution"" "," ""4"" ",  ,  ,
" ""http://yago-knowledge.org/resource/Charter_school"" "," ""1"" ",  ,  ,
" ""http://yago-knowledge.org/resource/Abbey"" "," ""1"" ",  ,  ,
" ""http://yago-knowledge.org/resource/Cultural_property"" "," ""1"" ",  ,  ,
" ""http://yago-knowledge.org/resource/Parish_church"" "," ""1"" ",  ,  ,
" ""http://schema.org/MiddleSchool"" "," ""1"" ",  ,  ,
" ""http://yago-knowledge.org/resource/Preparatory_school_(United_Kingdom)"" "," ""1"" ",  ,  ,
" ""http://schema.org/DefenceEstablishment"" "," ""3"" ",  ,  ,
" ""http://yago-knowledge.org/resource/Naval_academy"" "," ""1"" ",  ,  ,
" ""http://yago-knowledge.org/resource/Music_school"" "," ""1"" ",  ,  ,
" ""http://yago-knowledge.org/resource/Neighbourhood"" "," ""19"" ",  ,  ,
" ""http://yago-knowledge.org/resource/Academy_(English_school)"" "," ""2"" ",  ,  ,
" ""http://yago-knowledge.org/resource/Single_(music)"" "," ""279"" ",  ,  ,
" ""http://yago-knowledge.org/resource/Song"" "," ""457"" ",  ,  ,
" ""http://yago-knowledge.org/resource/Compilation_album"" "," ""67"" ",  ,  ,
" ""http://yago-knowledge.org/resource/Double_album"" "," ""6"" ",  ,  ,
" ""http://yago-knowledge.org/resource/Academy_of_sciences"" "," ""12"" ",  ,  ,
" ""http://yago-knowledge.org/resource/National_academy"" "," ""9"" ",  ,  ,
" ""http://yago-knowledge.org/resource/Regions_of_France"" "," ""16"" ",  ,  ,
" ""http://yago-knowledge.org/resource/Island"" "," ""15"" ",  ,  ,
" ""http://yago-knowledge.org/resource/Provinces_of_Afghanistan"" "," ""34"" ",  ,  ,
" ""http://schema.org/MusicComposition"" "," ""133"" ",  ,  ,
" ""http://yago-knowledge.org/resource/Instrumental"" "," ""4"" ",  ,  ,
" ""http://schema.org/TVSeason"" "," ""54"" ",  ,  ,
" ""http://yago-knowledge.org/resource/Oblasts_of_Russia"" "," ""46"" ",  ,  ,
" ""http://yago-knowledge.org/resource/Census-designated_place"" "," ""4"" ",  ,  ,
" ""http://yago-knowledge.org/resource/Sonnet"" "," ""148"" ",  ,  ,
" ""http://yago-knowledge.org/resource/Surname"" "," ""99"" ",  ,  ,
" ""http://yago-knowledge.org/resource/Record_label"" "," ""15"" ",  ,  ,
" ""http://yago-knowledge.org/resource/Studio_album"" "," ""56"" ",  ,  ,
" ""http://yago-knowledge.org/resource/Provinces_of_the_Netherlands"" "," ""12"" ",  ,  ,
" ""http://schema.org/ComicSeries"" "," ""7"" ",  ,  ,
" ""http://schema.org/ComicStory"" "," ""6"" ",  ,  ,
" ""http://yago-knowledge.org/resource/Seinen_manga"" "," ""1"" ",  ,  ,
" ""http://yago-knowledge.org/resource/Profession"" "," ""57"" ",  ,  ,
" ""http://yago-knowledge.org/resource/Political_party"" "," ""13"" ",  ,  ,
" ""http://yago-knowledge.org/resource/Location"" "," ""1"" ",  ,  ,
" ""http://yago-knowledge.org/resource/Shōjo_manga"" "," ""2"" ",  ,  ,
" ""http://yago-knowledge.org/resource/Military_branch"" "," ""2"" ",  ,  ,
" ""http://yago-knowledge.org/resource/Intergovernmental_organization"" "," ""27"" ",  ,  ,
" ""http://yago-knowledge.org/resource/Military_alliance"" "," ""5"" ",  ,  ,
" ""http://yago-knowledge.org/resource/County_seat"" "," ""10"" ",  ,  ,
" ""http://yago-knowledge.org/resource/Soviet_(council)"" "," ""2"" ",  ,  ,
" ""http://schema.org/Play"" "," ""61"" ",  ,  ,
" ""http://yago-knowledge.org/resource/Prefectures_of_Japan"" "," ""45"" ",  ,  ,
" ""http://yago-knowledge.org/resource/Gay_village"" "," ""4"" ",  ,  ,
" ""http://yago-knowledge.org/resource/Provinces_of_China"" "," ""23"" ",  ,  ,
" ""http://yago-knowledge.org/resource/Provinces_of_Turkey"" "," ""80"" ",  ,  ,
" ""http://schema.org/GovernmentOffice"" "," ""8"" ",  ,  ,
" ""http://yago-knowledge.org/resource/Specialist_law_enforcement_agency"" "," ""1"" ",  ,  ,
" ""http://yago-knowledge.org/resource/International_organization"" "," ""45"" ",  ,  ,
" ""http://yago-knowledge.org/resource/Comic_book"" "," ""1"" ",  ,  ,
" ""http://yago-knowledge.org/resource/Limited_series_(comics)"" "," ""2"" ",  ,  ,
" ""http://yago-knowledge.org/resource/Legal_profession"" "," ""3"" ",  ,  ,
" ""http://yago-knowledge.org/resource/Ranch"" "," ""1"" ",  ,  ,
" ""http://yago-knowledge.org/resource/Seminary"" "," ""3"" ",  ,  ,
" ""http://yago-knowledge.org/resource/Given_name"" "," ""5"" ",  ,  ,
" ""http://yago-knowledge.org/resource/Literary_fragment"" "," ""1"" ",  ,  ,
" ""http://yago-knowledge.org/resource/English_country_house"" "," ""4"" ",  ,  ,
" ""http://yago-knowledge.org/resource/Republics_of_the_Soviet_Union"" "," ""10"" ",  ,  ,
" ""http://yago-knowledge.org/resource/Dress"" "," ""1"" ",  ,  ,
" ""http://yago-knowledge.org/resource/Ceremonial_counties_of_England"" "," ""1"" ",  ,  ,
" ""http://yago-knowledge.org/resource/Political_division"" "," ""3"" ",  ,  ,
" ""http://schema.org/VideoGame"" "," ""16"" ",  ,  ,
" ""http://schema.org/Painting"" "," ""15"" ",  ,  ,
" ""http://yago-knowledge.org/resource/Prime_version"" "," ""1"" ",  ,  ,
" ""http://yago-knowledge.org/resource/Shell_(computing)"" "," ""1"" ",  ,  ,
" ""http://schema.org/SoftwareApplication"" "," ""10"" ",  ,  ,
" ""http://yago-knowledge.org/resource/Independent_agencies_of_the_United_States_government"" "," ""6"" ",  ,  ,
" ""http://yago-knowledge.org/resource/National_archives"" "," ""1"" ",  ,  ,
" ""http://yago-knowledge.org/resource/Metropolitan_area"" "," ""3"" ",  ,  ,
" ""http://yago-knowledge.org/resource/Regions_of_the_Philippines"" "," ""18"" ",  ,  ,
" ""http://yago-knowledge.org/resource/Executive_order"" "," ""66"" ",  ,  ,
" ""http://yago-knowledge.org/resource/Regional_organization"" "," ""4"" ",  ,  ,
" ""http://yago-knowledge.org/resource/Neighborhoods_in_Washington_D.C."" "," ""1"" ",,  ,  
" ""http://yago-knowledge.org/resource/Subsidiary"" "," ""5"" ",  ,  ,
" ""http://yago-knowledge.org/resource/Research_institute"" "," ""4"" ",  ,  ,
" ""http://yago-knowledge.org/resource/Extended_play"" "," ""3"" ",  ,  ,
" ""http://schema.org/SportsEvent"" "," ""4"" ",  ,  ,
" ""http://yago-knowledge.org/resource/Soundtrack"" "," ""1"" ",  ,  ,
" ""http://yago-knowledge.org/resource/Soundtrack_album"" "," ""8"" ",  ,  ,
" ""http://yago-knowledge.org/resource/Institution"" "," ""1"" ",  ,  ,
" ""http://yago-knowledge.org/resource/Novel"" "," ""5"" ",  ,  ,
" ""http://yago-knowledge.org/resource/Historic_house_museum"" "," ""9"" ",  ,  ,
" ""http://yago-knowledge.org/resource/Mansion"" "," ""4"" ",  ,  ,
" ""http://yago-knowledge.org/resource/Debut_novel"" "," ""1"" ",  ,  ,
" ""http://schema.org/BookSeries"" "," ""7"" ",  ,  ,
" ""http://yago-knowledge.org/resource/Style_(form_of_address)"" "," ""2"" ",  ,  ,
" ""http://yago-knowledge.org/resource/Application_framework"" "," ""1"" ",  ,  ,
" ""http://yago-knowledge.org/resource/Software_development_kit"" "," ""1"" ",  ,  ,
" ""http://yago-knowledge.org/resource/Concert_film"" "," ""2"" ",  ,  ,
" ""http://schema.org/Dataset"" "," ""5"" ",  ,  ,
" ""http://yago-knowledge.org/resource/Free_software"" "," ""4"" ",  ,  ,
" ""http://yago-knowledge.org/resource/International_financial_institutions"" "," ""6"" ",  ,  ,
" ""http://yago-knowledge.org/resource/Municipalities_of_Switzerland"" "," ""4"" ",  ,  ,
" ""http://schema.org/Book"" "," ""7"" ",  ,  ,
" ""http://schema.org/Collection"" "," ""8"" ",  ,  ,
" ""http://yago-knowledge.org/resource/Borough_(New_Jersey)"" "," ""1"" ",  ,  ,
" ""http://yago-knowledge.org/resource/County_town"" "," ""4"" ",  ,  ,
" ""http://yago-knowledge.org/resource/Historical_period"" "," ""2"" ",  ,  ,
" ""http://yago-knowledge.org/resource/Think_tank"" "," ""2"" ",  ,  ,
" ""http://yago-knowledge.org/resource/Standard_language"" "," ""1"" ",  ,  ,
" ""http://yago-knowledge.org/resource/System_software"" "," ""1"" ",  ,  ,
" ""http://yago-knowledge.org/resource/Web_series"" "," ""2"" ",  ,  ,
" ""http://yago-knowledge.org/resource/Provinces_of_South_Africa"" "," ""9"" ",  ,  ,
" ""http://yago-knowledge.org/resource/Nation"" "," ""2"" ",  ,  ,
" ""http://yago-knowledge.org/resource/Republics_of_Russia"" "," ""22"" ",  ,  ,
" ""http://yago-knowledge.org/resource/Supercontinent"" "," ""1"" ",  ,  ,
" ""http://yago-knowledge.org/resource/Palace"" "," ""4"" ",  ,  ,
" ""http://yago-knowledge.org/resource/Independent_city_(United_States)"" "," ""2"" ",  ,  ,
" ""http://yago-knowledge.org/resource/Electric_utility"" "," ""1"" ",  ,  ,
" ""http://yago-knowledge.org/resource/Semi-detached"" "," ""1"" ",  ,  ,
" ""http://yago-knowledge.org/resource/Foundation_(nonprofit)"" "," ""4"" ",  ,  ,
" ""http://yago-knowledge.org/resource/Law_enforcement_agency"" "," ""1"" ",  ,  ,
" ""http://yago-knowledge.org/resource/Union_territory"" "," ""7"" ",  ,  ,
" ""http://yago-knowledge.org/resource/Regions_of_New_Zealand"" "," ""15"" ",  ,  ,
" ""http://yago-knowledge.org/resource/Document"" "," ""1"" ",  ,  ,
" ""http://yago-knowledge.org/resource/Municipalities_of_Brazil"" "," ""1"" ",  ,  ,
" ""http://schema.org/Vehicle"" "," ""1"" ",  ,  ,
" ""http://yago-knowledge.org/resource/Superyacht"" "," ""1"" ",  ,  ,
" ""http://yago-knowledge.org/resource/Unisex_name"" "," ""10"" ",  ,  ,
" ""http://yago-knowledge.org/resource/Tetralogy"" "," ""1"" ",  ,  ,
" ""http://yago-knowledge.org/resource/Region"" "," ""9"" ",  ,  ,
" ""http://yago-knowledge.org/resource/Free_imperial_city"" "," ""2"" ",  ,  ,
" ""http://yago-knowledge.org/resource/Lists_of_former_Hansa_cities"" "," ""2"" ",  ,  ,
" ""http://yago-knowledge.org/resource/States_of_Germany"" "," ""16"" ",  ,  ,
" ""http://yago-knowledge.org/resource/Film_genre"" "," ""7"" ",  ,  ,
" ""http://yago-knowledge.org/resource/Video_game_developer"" "," ""2"" ",  ,  ,
" ""http://yago-knowledge.org/resource/Software"" "," ""14"" ",  ,  ,
" ""http://yago-knowledge.org/resource/Remix_album"" "," ""8"" ",  ,  ,
" ""http://yago-knowledge.org/resource/Shipyard"" "," ""1"" ",  ,  ,
" ""http://schema.org/Sculpture"" "," ""2"" ",  ,  ,
" ""http://yago-knowledge.org/resource/Grandes_écoles"" "," ""1"" ",  ,  ,
" ""http://yago-knowledge.org/resource/State_(polity)"" "," ""2"" ",  ,  ,
" ""http://yago-knowledge.org/resource/Biography"" "," ""2"" ",  ,  ,
" ""http://yago-knowledge.org/resource/Comedy"" "," ""1"" ",  ,  ,
" ""http://yago-knowledge.org/resource/Cutter_(boat)"" "," ""1"" ",  ,  ,
" ""http://yago-knowledge.org/resource/Sailing_yacht"" "," ""1"" ",  ,  ,
" ""http://yago-knowledge.org/resource/Private_foundation"" "," ""1"" ",  ,  ,
" ""http://yago-knowledge.org/resource/List_of_agriculture_ministries"" "," ""1"" ",  ,  ,
" ""http://yago-knowledge.org/resource/United_States_federal_executive_departments"" "," ""4"" ",  ,  ,
" ""http://yago-knowledge.org/resource/Advisory_board"" "," ""3"" ",  ,  ,
" ""http://yago-knowledge.org/resource/Château"" "," ""1"" ",  ,  ,
" ""http://yago-knowledge.org/resource/Laboratory"" "," ""1"" ",  ,  ,
" ""http://yago-knowledge.org/resource/Open_letter"" "," ""2"" ",  ,  ,
" ""http://yago-knowledge.org/resource/Board_game"" "," ""2"" ",  ,  ,
" ""http://yago-knowledge.org/resource/Card_game"" "," ""1"" ",  ,  ,
" ""http://yago-knowledge.org/resource/Party_game"" "," ""1"" ",  ,  ,
" ""http://yago-knowledge.org/resource/Letter_(message)"" "," ""3"" ",  ,  ,
" ""http://yago-knowledge.org/resource/Presidential_memorandum"" "," ""2"" ",  ,  ,
" ""http://schema.org/Hotel"" "," ""1"" ",  ,  ,
" ""http://yago-knowledge.org/resource/Music_publisher_(popular_music)"" "," ""1"" ",  ,  ,
" ""http://yago-knowledge.org/resource/Battle"" "," ""1"" ",  ,  ,
" ""http://yago-knowledge.org/resource/Historic_site"" "," ""1"" ",  ,  ,
" ""http://yago-knowledge.org/resource/Open-air_museum"" "," ""1"" ",  ,  ,
" ""http://schema.org/Continent"" "," ""1"" ",  ,  ,
" ""http://schema.org/Hospital"" "," ""4"" ",  ,  ,
" ""http://yago-knowledge.org/resource/Political_buzzword"" "," ""3"" ",  ,  ,
" ""http://yago-knowledge.org/resource/Sentence_(linguistics)"" "," ""1"" ",  ,  ,
" ""http://schema.org/WebSite"" "," ""18"" ",  ,  ,
" ""http://yago-knowledge.org/resource/Lied"" "," ""1"" ",  ,  ,
" ""http://yago-knowledge.org/resource/Districts_of_New_Zealand"" "," ""2"" ",  ,  ,
" ""http://yago-knowledge.org/resource/City_(New_Jersey)"" "," ""2"" ",  ,  ,
" ""http://yago-knowledge.org/resource/Town"" "," ""7"" ",  ,  ,
" ""http://yago-knowledge.org/resource/Archaeological_site"" "," ""2"" ",  ,  ,
" ""http://yago-knowledge.org/resource/Lost_city"" "," ""1"" ",  ,  ,
" ""http://yago-knowledge.org/resource/Village"" "," ""5"" ",  ,  ,
" ""http://yago-knowledge.org/resource/Autobiography"" "," ""1"" ",  ,  ,
" ""http://yago-knowledge.org/resource/Municipality"" "," ""2"" ",  ,  ,
" ""http://yago-knowledge.org/resource/Municipality_(Austria)"" "," ""2"" ",  ,  ,
" ""http://yago-knowledge.org/resource/County_(Taiwan)"" "," ""1"" ",  ,  ,
" ""http://yago-knowledge.org/resource/Shōnen_manga"" "," ""1"" ",  ,  ,
" ""http://yago-knowledge.org/resource/Learned_society"" "," ""5"" ",  ,  ,
" ""http://yago-knowledge.org/resource/Veterans'_organization"" "," ""2"" ",  ,  ,
" ""http://yago-knowledge.org/resource/Consolidated_city-county"" "," ""2"" ",  ,  ,
" ""http://schema.org/Library"" "," ""1"" ",  ,  ,
" ""http://yago-knowledge.org/resource/Border_town"" "," ""3"" ",  ,  ,
" ""http://schema.org/Airline"" "," ""2"" ",  ,  ,
" ""http://yago-knowledge.org/resource/Low-cost_carrier"" "," ""1"" ",  ,  ,
" ""http://yago-knowledge.org/resource/Seat_of_government"" "," ""1"" ",  ,  ,
" ""http://yago-knowledge.org/resource/Virtual_machine"" "," ""1"" ",  ,  ,
" ""http://yago-knowledge.org/resource/Box_set"" "," ""1"" ",  ,  ,
" ""http://yago-knowledge.org/resource/Castle"" "," ""2"" ",  ,  ,
" ""http://yago-knowledge.org/resource/Estate_(land)"" "," ""5"" ",  ,  ,
" ""http://yago-knowledge.org/resource/Short_story"" "," ""3"" ",  ,  ,
" ""http://yago-knowledge.org/resource/Unfinished_creative_work"" "," ""2"" ",  ,  ,
" ""http://yago-knowledge.org/resource/Diminutive"" "," ""1"" ",  ,  ,
" ""http://yago-knowledge.org/resource/Building"" "," ""3"" ",  ,  ,
" ""http://yago-knowledge.org/resource/Music_genre"" "," ""9"" ",  ,  ,
" ""http://yago-knowledge.org/resource/Army"" "," ""1"" ",  ,  ,
" ""http://yago-knowledge.org/resource/College_town"" "," ""6"" ",  ,  ,
" ""http://yago-knowledge.org/resource/Day_school"" "," ""1"" ",  ,  ,
" ""http://schema.org/ScholarlyArticle"" "," ""2"" ",  ,  ,
" ""http://yago-knowledge.org/resource/Municipalities_of_Belgium"" "," ""1"" ",  ,  ,
" ""http://schema.org/Apartment"" "," ""1"" ",  ,  ,
" ""http://yago-knowledge.org/resource/Metropolitan_municipality"" "," ""1"" ",  ,  ,
" ""http://yago-knowledge.org/resource/Public_school_(United_Kingdom)"" "," ""2"" ",  ,  ,
" ""http://yago-knowledge.org/resource/Hamlet_(place)"" "," ""1"" ",  ,  ,
" ""http://yago-knowledge.org/resource/Publisher"" "," ""2"" ",  ,  ,
" ""http://yago-knowledge.org/resource/Government"" "," ""1"" ",  ,  ,
" ""http://yago-knowledge.org/resource/Cultural_region"" "," ""2"" ",  ,  ,
" ""http://yago-knowledge.org/resource/Wedding_dress"" "," ""1"" ",  ,  ,
" ""http://yago-knowledge.org/resource/Title"" "," ""1"" ",  ,  ,
" ""http://schema.org/TelevisionStation"" "," ""1"" ",  ,  ,
" ""http://yago-knowledge.org/resource/Specialty_channel"" "," ""1"" ",  ,  ,
" ""http://yago-knowledge.org/resource/Television_network"" "," ""1"" ",  ,  ,
" ""http://yago-knowledge.org/resource/Short_story_collection"" "," ""3"" ",  ,  ,
" ""http://yago-knowledge.org/resource/Supergroup_(music)"" "," ""2"" ",  ,  ,
" ""http://yago-knowledge.org/resource/Front_(military)"" "," ""2"" ",  ,  ,
" ""http://yago-knowledge.org/resource/Theater_(warfare)"" "," ""1"" ",  ,  ,
" ""http://yago-knowledge.org/resource/Honor_society"" "," ""1"" ",  ,  ,
" ""http://yago-knowledge.org/resource/Sitcom"" "," ""1"" ",  ,  ,
" ""http://yago-knowledge.org/resource/Greatest_hits_album"" "," ""1"" ",  ,  ,
" ""http://yago-knowledge.org/resource/Patronymic_surname"" "," ""2"" ",  ,  ,
" ""http://yago-knowledge.org/resource/Linux_distribution"" "," ""2"" ",  ,  ,
" ""http://yago-knowledge.org/resource/Modeling_agency"" "," ""1"" ",  ,  ,
" ""http://yago-knowledge.org/resource/Human_settlement"" "," ""2"" ",  ,  ,
" ""http://yago-knowledge.org/resource/Institute_of_technology"" "," ""2"" ",  ,  ,
" ""http://yago-knowledge.org/resource/Rowing_club"" "," ""1"" ",  ,  ,
" ""http://yago-knowledge.org/resource/Division_(business)"" "," ""1"" ",  ,  ,
" ""http://schema.org/House"" "," ""2"" ",  ,  ,
" ""http://yago-knowledge.org/resource/Op-ed"" "," ""1"" ",  ,  ,
" ""http://yago-knowledge.org/resource/Trade_association"" "," ""1"" ",  ,  ,
" ""http://yago-knowledge.org/resource/Communes_of_France"" "," ""2"" ",  ,  ,
" ""http://yago-knowledge.org/resource/Departments_of_France"" "," ""1"" ",  ,  ,
" ""http://yago-knowledge.org/resource/Episcopal_see"" "," ""1"" ",  ,  ,
" ""http://yago-knowledge.org/resource/Economic_policy"" "," ""2"" ",  ,  ,
" ""http://yago-knowledge.org/resource/Application_programming_interface"" "," ""2"" ",  ,  ,
" ""http://yago-knowledge.org/resource/Cloud_computing"" "," ""2"" ",  ,  ,
" ""http://yago-knowledge.org/resource/Market_town"" "," ""1"" ",  ,  ,
" ""http://yago-knowledge.org/resource/501(c)(3)_organization"" "," ""4"" ",  ,  ,
" ""http://yago-knowledge.org/resource/Official_residence"" "," ""2"" ",  ,  ,
" ""http://yago-knowledge.org/resource/Swedish_Royal_Academies"" "," ""1"" ",  ,  ,
" ""http://yago-knowledge.org/resource/Lyrics"" "," ""2"" ",  ,  ,
" ""http://yago-knowledge.org/resource/Township_(Pennsylvania)"" "," ""1"" ",  ,  ,
" ""http://yago-knowledge.org/resource/Online_encyclopedia"" "," ""1"" ",  ,  ,
" ""http://yago-knowledge.org/resource/Social_networking_service"" "," ""3"" ",  ,  ,
" ""http://yago-knowledge.org/resource/Highland"" "," ""1"" ",  ,  ,
" ""http://yago-knowledge.org/resource/Directory_(computing)"" "," ""1"" ",  ,  ,
" ""http://yago-knowledge.org/resource/Library_(computing)"" "," ""1"" ",  ,  ,
" ""http://yago-knowledge.org/resource/Programming_language"" "," ""1"" ",  ,  ,
" ""http://yago-knowledge.org/resource/Visual_programming_language"" "," ""1"" ",  ,  ,
" ""http://yago-knowledge.org/resource/Environmental_organization"" "," ""1"" ",  ,  ,
" ""http://yago-knowledge.org/resource/Elves_in_fiction"" "," ""1"" ",  ,  ,
" ""http://yago-knowledge.org/resource/Civil_parish"" "," ""2"" ",  ,  ,
" ""http://yago-knowledge.org/resource/Job"" "," ""1"" ",  ,  ,
" ""http://yago-knowledge.org/resource/Military_personnel"" "," ""1"" ",  ,  ,
" ""http://yago-knowledge.org/resource/Character_(arts)"" "," ""2"" ",  ,  ,
" ""http://yago-knowledge.org/resource/Military_organization"" "," ""1"" ",  ,  ,
" ""http://yago-knowledge.org/resource/List_of_neighborhoods_in_San_Francisco"" "," ""2"" ",  ,  ,
" ""http://yago-knowledge.org/resource/Country_house"" "," ""1"" ",  ,  ,
" ""http://yago-knowledge.org/resource/TCA_Awards"" "," ""3"" ",  ,  ,
" ""http://yago-knowledge.org/resource/Military_operation"" "," ""1"" ",  ,  ,
" ""http://yago-knowledge.org/resource/Hypocorism"" "," ""2"" ",  ,  ,
" ""http://yago-knowledge.org/resource/Corporate_title"" "," ""1"" ",  ,  ,
" ""http://yago-knowledge.org/resource/Company"" "," ""2"" ",  ,  ,
" ""http://yago-knowledge.org/resource/Special_forces"" "," ""1"" ",  ,  ,
" ""http://schema.org/PodcastSeries"" "," ""1"" ",  ,  ,
" ""http://yago-knowledge.org/resource/List_of_education_ministries"" "," ""1"" ",  ,  ,
" ""http://yago-knowledge.org/resource/Dependent_territory"" "," ""4"" ",  ,  ,
" ""http://yago-knowledge.org/resource/Municipal_arrondissements_of_France"" "," ""1"" ",  ,  ,
" ""http://yago-knowledge.org/resource/Primary_school"" "," ""1"" ",  ,  ,
" ""http://yago-knowledge.org/resource/Council_of_State"" "," ""1"" ",  ,  ,
" ""http://yago-knowledge.org/resource/Original_video_animation"" "," ""1"" ",  ,  ,
" ""http://yago-knowledge.org/resource/Cloud_storage"" "," ""1"" ",  ,  ,
" ""http://yago-knowledge.org/resource/File_hosting_service"" "," ""1"" ",  ,  ,
" ""http://yago-knowledge.org/resource/Animated_series"" "," ""1"" ",  ,  ,
" ""http://yago-knowledge.org/resource/Will_and_testament"" "," ""1"" ",  ,  ,
" ""http://yago-knowledge.org/resource/Archipelago"" "," ""2"" ",  ,  ,
" ""http://yago-knowledge.org/resource/Cinematheque"" "," ""1"" ",  ,  ,
" ""http://yago-knowledge.org/resource/Districts_of_Serbia"" "," ""1"" ",  ,  ,
" ""http://yago-knowledge.org/resource/Carfree_city"" "," ""1"" ",  ,  ,
" ""http://yago-knowledge.org/resource/Comune"" "," ""2"" ",  ,  ,
" ""http://yago-knowledge.org/resource/Summer_Olympic_Games"" "," ""3"" ",  ,  ,
" ""http://yago-knowledge.org/resource/Utility_software"" "," ""2"" ",  ,  ,
" ""http://yago-knowledge.org/resource/United_States_congressional_committee"" "," ""2"" ",  ,  ,
" ""http://yago-knowledge.org/resource/Education"" "," ""1"" ",  ,  ,
" ""http://yago-knowledge.org/resource/ISO_639_macrolanguage"" "," ""2"" ",  ,  ,
" ""http://schema.org/Article"" "," ""2"" ",  ,  ,
" ""http://yago-knowledge.org/resource/Narrative"" "," ""1"" ",  ,  ,
" ""http://yago-knowledge.org/resource/Suburb"" "," ""2"" ",  ,  ,
" ""http://yago-knowledge.org/resource/Image_viewer"" "," ""1"" ",  ,  ,
" ""http://yago-knowledge.org/resource/Raster_graphics_editor"" "," ""1"" ",  ,  ,
" ""http://yago-knowledge.org/resource/Commentary_(philology)"" "," ""1"" ",  ,  ,
" ""http://yago-knowledge.org/resource/Honorific"" "," ""1"" ",  ,  ,
" ""http://yago-knowledge.org/resource/Theme_music"" "," ""1"" ",  ,  ,
" ""http://yago-knowledge.org/resource/Academy"" "," ""1"" ",  ,  ,
" ""http://yago-knowledge.org/resource/Gentlemen's_club"" "," ""1"" ",  ,  ,
" ""http://yago-knowledge.org/resource/Internet_meme"" "," ""1"" ",  ,  ,
" ""http://yago-knowledge.org/resource/Neologism"" "," ""1"" ",  ,  ,
" ""http://yago-knowledge.org/resource/Word"" "," ""2"" ",  ,  ,
" ""http://yago-knowledge.org/resource/Motto"" "," ""1"" ",  ,  ,
" ""http://yago-knowledge.org/resource/Consortium"" "," ""2"" ",  ,  ,
" ""http://schema.org/SubwayStation"" "," ""1"" ",  ,  ,
" ""http://yago-knowledge.org/resource/Memorandum"" "," ""1"" ",  ,  ,
" ""http://yago-knowledge.org/resource/Pact"" "," ""1"" ",  ,  ,
" ""http://yago-knowledge.org/resource/Treaty"" "," ""1"" ",  ,  ,
" ""http://yago-knowledge.org/resource/List_of_Ontario_separated_municipalities"" "," ""1"" ",  ,  ,
" ""http://schema.org/Landform"" "," ""3"" ",  ,  ,
" ""http://yago-knowledge.org/resource/Air_raid_shelter"" "," ""1"" ",  ,  ,
" ""http://yago-knowledge.org/resource/Bunker"" "," ""1"" ",  ,  ,
" ""http://yago-knowledge.org/resource/School_district"" "," ""1"" ",  ,  ,
" ""http://yago-knowledge.org/resource/Holding_company"" "," ""1"" ",  ,  ,
" ""http://yago-knowledge.org/resource/Phrase"" "," ""3"" ",  ,  ,
" ""http://yago-knowledge.org/resource/Quotation"" "," ""5"" ",  ,  ,
" ""http://yago-knowledge.org/resource/Saying"" "," ""1"" ",  ,  ,
" ""http://yago-knowledge.org/resource/Bank"" "," ""1"" ",  ,  ,
" ""http://yago-knowledge.org/resource/Private_school"" "," ""1"" ",  ,  ,
" ""http://yago-knowledge.org/resource/Exhibition"" "," ""1"" ",  ,  ,
" ""http://yago-knowledge.org/resource/Administrative_divisions_of_Canada"" "," ""7"" ",  ,  ,
" ""http://yago-knowledge.org/resource/Software_company"" "," ""1"" ",  ,  ,
" ""http://yago-knowledge.org/resource/Video_game_publisher"" "," ""1"" ",  ,  ,
" ""http://yago-knowledge.org/resource/Web_search_engine"" "," ""1"" ",  ,  ,
" ""http://yago-knowledge.org/resource/List_of_regions_of_Japan"" "," ""1"" ",  ,  ,
" ""http://yago-knowledge.org/resource/Communist_party"" "," ""2"" ",  ,  ,
" ""http://yago-knowledge.org/resource/Package_manager"" "," ""1"" ",  ,  ,
" ""http://yago-knowledge.org/resource/Historical_language"" "," ""1"" ",  ,  ,
" ""http://yago-knowledge.org/resource/Standards_organization"" "," ""1"" ",  ,  ,
" ""http://yago-knowledge.org/resource/Voluntary_association"" "," ""1"" ",  ,  ,
" ""http://yago-knowledge.org/resource/Language_family"" "," ""1"" ",  ,  ,
" ""http://yago-knowledge.org/resource/Craft"" "," ""2"" ",  ,  ,
" ""http://yago-knowledge.org/resource/Literary_language"" "," ""1"" ",  ,  ,
" ""http://yago-knowledge.org/resource/Media_franchise"" "," ""1"" ",  ,  ,
" ""http://yago-knowledge.org/resource/Coalition"" "," ""1"" ",  ,  ,
" ""http://yago-knowledge.org/resource/Alter_ego"" "," ""1"" ",  ,  ,
" ""http://yago-knowledge.org/resource/Text_editor"" "," ""1"" ",  ,  ,
" ""http://yago-knowledge.org/resource/Charitable_organization"" "," ""2"" ",  ,  ,
" ""http://yago-knowledge.org/resource/Dynasty"" "," ""2"" ",  ,  ,
" ""http://yago-knowledge.org/resource/Royal_house"" "," ""1"" ",  ,  ,
" ""http://yago-knowledge.org/resource/Film_series"" "," ""1"" ",  ,  ,
" ""http://yago-knowledge.org/resource/Hexalogy"" "," ""1"" ",  ,  ,
" ""http://yago-knowledge.org/resource/Hill"" "," ""1"" ",  ,  ,
" ""http://yago-knowledge.org/resource/Graduate_school"" "," ""2"" ",  ,  ,
" ""http://yago-knowledge.org/resource/Poetry"" "," ""1"" ",  ,  ,
" ""http://yago-knowledge.org/resource/DVD"" "," ""1"" ",  ,  ,
" ""http://yago-knowledge.org/resource/Metropolitan_statistical_area"" "," ""2"" ",  ,  ,
" ""http://schema.org/Park"" "," ""1"" ",  ,  ,
" ""http://yago-knowledge.org/resource/Independent_cities_of_Germany"" "," ""1"" ",  ,  ,
" ""http://yago-knowledge.org/resource/Residenz"" "," ""1"" ",  ,  ,
" ""http://yago-knowledge.org/resource/Literary_genre"" "," ""2"" ",  ,  ,
" ""http://yago-knowledge.org/resource/Video_game_genre"" "," ""1"" ",  ,  ,
" ""http://yago-knowledge.org/resource/Constitution"" "," ""1"" ",  ,  ,
" ""http://yago-knowledge.org/resource/British_Overseas_Territories"" "," ""1"" ",  ,  ,
" ""http://yago-knowledge.org/resource/Puppet_state"" "," ""1"" ",  ,  ,
" ""http://schema.org/Legislation"" "," ""1"" ",  ,  ,
" ""http://yago-knowledge.org/resource/Presidential_proclamation_(United_States)"" "," ""1"" ",  ,  ,
" ""http://yago-knowledge.org/resource/Village_(United_States)"" "," ""1"" ",  ,  ,
" ""http://yago-knowledge.org/resource/Royal_palace"" "," ""2"" ",  ,  ,
" ""http://yago-knowledge.org/resource/Political_organisation"" "," ""1"" ",  ,  ,
" ""http://yago-knowledge.org/resource/Combined_statistical_area"" "," ""1"" ",  ,  ,
" ""http://yago-knowledge.org/resource/Mountain_range"" "," ""1"" ",  ,  ,
" ""http://yago-knowledge.org/resource/Convention_(meeting)"" "," ""1"" ",  ,  ,
" ""http://yago-knowledge.org/resource/Club_(organization)"" "," ""1"" ",  ,  ,
" ""http://yago-knowledge.org/resource/Controversy"" "," ""1"" ",  ,  ,
" ""http://yago-knowledge.org/resource/Political_faction"" "," ""1"" ",  ,  ,
" ""http://yago-knowledge.org/resource/Political_movement"" "," ""1"" ",  ,  ,
" ""http://yago-knowledge.org/resource/Catchphrase"" "," ""1"" ",  ,  ,
" ""http://yago-knowledge.org/resource/Ministry_of_Energy"" "," ""1"" ",  ,  ,
" ""http://yago-knowledge.org/resource/Collegiate_university"" "," ""1"" ",  ,  ,
" ""http://yago-knowledge.org/resource/Manifesto"" "," ""1"" ",  ,  ,
" ""http://yago-knowledge.org/resource/Command_(computing)"" "," ""1"" ",  ,  ,
" ""http://yago-knowledge.org/resource/Epic_poetry"" "," ""1"" ",  ,  ,
" ""http://yago-knowledge.org/resource/Virtual_assistant"" "," ""1"" ",  ,  ,
" ""http://yago-knowledge.org/resource/Media_player_software"" "," ""1"" ",  ,  ,
" ""http://yago-knowledge.org/resource/Knowledge_base"" "," ""1"" ",  ,  ,
" ""http://yago-knowledge.org/resource/Online_database"" "," ""1"" ",  ,  ,
" ""http://yago-knowledge.org/resource/Software_framework"" "," ""1"" ",  ,  ,
" ""http://yago-knowledge.org/resource/Confederation"" "," ""1"" ",  ,  ,
" ""http://yago-knowledge.org/resource/Ministry_of_Home_Affairs"" "," ""1"" ",  ,  ,
" ""http://yago-knowledge.org/resource/Marine_protected_area"" "," ""1"" ",  ,  ,
" ""http://yago-knowledge.org/resource/National_monument_(United_States)"" "," ""1"" ",  ,  ,
" ""http://yago-knowledge.org/resource/Film_studio"" "," ""1"" ",  ,  ,
" ""http://yago-knowledge.org/resource/Dialect"" "," ""1"" ",  ,  ,
" ""http://yago-knowledge.org/resource/Ridesharing_company"" "," ""1"" ",  ,  ,
" ""http://yago-knowledge.org/resource/Parishes_of_Barbados"" "," ""1"" ",  ,  ,
" ""http://yago-knowledge.org/resource/Reserve_team"" "," ""1"" ",  ,  ,
" ""http://schema.org/NewsArticle"" "," ""1"" ",  ,  ,
" ""http://yago-knowledge.org/resource/Advocacy_group"" "," ""1"" ",  ,  ,
" ""http://yago-knowledge.org/resource/Atoll"" "," ""1"" ",  ,  ,
" ""http://yago-knowledge.org/resource/List_of_ecoregions_(WWF)"" "," ""1"" ",  ,  ,
" ""http://yago-knowledge.org/resource/Add-on_(Mozilla)"" "," ""1"" ",  ,  ,
" ""http://yago-knowledge.org/resource/Electoral_district"" "," ""1"" ",  ,  ,
" ""http://yago-knowledge.org/resource/Half-timbered"" "," ""1"" ",  ,  ,
" ""http://schema.org/Map"" "," ""1"" ",  ,  ,
" ""http://yago-knowledge.org/resource/Web_application"" "," ""1"" ",  ,  ,
" ""http://yago-knowledge.org/resource/Decree"" "," ""1"" ",  ,  ,
" ""http://yago-knowledge.org/resource/Sports_governing_body"" "," ""1"" ",  ,  ,
" ""http://yago-knowledge.org/resource/Free_and_open-source_software"" "," ""1"" ",  ,  ,
" ""http://yago-knowledge.org/resource/Kernel_(operating_system)"" "," ""1"" ",  ,  ,
" ""http://yago-knowledge.org/resource/Guitar"" "," ""1"" ",  ,  ,
" ""http://yago-knowledge.org/resource/Realm"" "," ""1"" ",  ,  ,
" ""http://yago-knowledge.org/resource/New_England_town"" "," ""1"" ",  ,  ,
" ""http://yago-knowledge.org/resource/Production_company"" "," ""1"" ",  ,  ,
" ""http://yago-knowledge.org/resource/Idiom"" "," ""1"" ",  ,  ,
" ""http://yago-knowledge.org/resource/Desktop_search"" "," ""1"" ",  ,  ,
" ""http://yago-knowledge.org/resource/Series_finale"" "," ""1"" ",  ,  ,
" ""http://yago-knowledge.org/resource/Subdivisions_of_Russia"" "," ""1"" ",  ,  ,
" ""http://schema.org/Drawing"" "," ""1"" ",  ,  ,
" ""http://yago-knowledge.org/resource/Quango"" "," ""1"" ",  ,  ,
